,Tiempo estimado,Tiempo total,Tiempo pospuesto,% de eficiencia
0,4967.0,4967.0,0.0,100.0
1,243.0,243.0,0.0,100.0
2,12489.0,13064.0,575.0,95.59859154929578
3,5072.0,5218.0,146.0,97.20199310080491
4,131.0,131.0,0.0,100.0
5,16563.0,234804.0,218241.0,7.053968416210968
6,11622.0,11622.0,0.0,100.0
7,4597.0,4616.0,19.0,99.58838821490468
8,268.0,268.0,0.0,100.0
9,6168.0,153993.0,147825.0,4.005376867779704
10,12.0,12.0,0.0,100.0
